INSERT INTO ELEMENT(id, value) VALUES(1, 'element');
INSERT INTO ELEMENT(id, value) VALUES(2, 'element');
INSERT INTO ELEMENT(id, value) VALUES(3, 'element');
INSERT INTO ELEMENT(id, value) VALUES(4, 'element');
INSERT INTO ELEMENT(id, value) VALUES(5, 'element');

INSERT INTO SPEC_GROUP(id, element_id) VALUES(1, 1);
INSERT INTO SPEC_GROUP(id, element_id) VALUES(2, 2);
INSERT INTO SPEC_GROUP(id, element_id) VALUES(3, 2);
INSERT INTO SPEC_GROUP(id, element_id) VALUES(4, 3);
INSERT INTO SPEC_GROUP(id, element_id) VALUES(5, 3);
INSERT INTO SPEC_GROUP(id, element_id) VALUES(6, 4);
INSERT INTO SPEC_GROUP(id, element_id) VALUES(7, 5);
INSERT INTO SPEC_GROUP(id, element_id) VALUES(8, 5);

INSERT INTO SPEC(id, spec_group_id, fqcn) VALUES(1, 1, 'jp.demo.atsushi.TestSpec');
INSERT INTO SPEC(id, spec_group_id, fqcn) VALUES(2, 2, 'jp.demo.atsushi.TestSpec');
INSERT INTO SPEC(id, spec_group_id, fqcn) VALUES(3, 2, 'jp.demo.atsushi.HugaSpec');
INSERT INTO SPEC(id, spec_group_id, fqcn) VALUES(4, 3, 'jp.demo.atsushi.FogeSpec');
INSERT INTO SPEC(id, spec_group_id, fqcn) VALUES(5, 4, 'jp.demo.atsushi.TestSpec');
INSERT INTO SPEC(id, spec_group_id, fqcn) VALUES(6, 4, 'jp.demo.atsushi.DemoSpec');
INSERT INTO SPEC(id, spec_group_id, fqcn) VALUES(7, 4, 'jp.demo.atsushi.TempSpec');
INSERT INTO SPEC(id, spec_group_id, fqcn) VALUES(8, 4, 'jp.demo.atsushi.HugaSpec');
INSERT INTO SPEC(id, spec_group_id, fqcn) VALUES(9, 4, 'jp.demo.atsushi.SuperSpec');
INSERT INTO SPEC(id, spec_group_id, fqcn) VALUES(10, 5, 'jp.demo.atsushi.FogeSpec');
INSERT INTO SPEC(id, spec_group_id, fqcn) VALUES(11, 6, 'jp.demo.atsushi.TestSpec');
INSERT INTO SPEC(id, spec_group_id, fqcn) VALUES(12, 7, 'jp.demo.atsushi.TestSpec');
INSERT INTO SPEC(id, spec_group_id, fqcn) VALUES(13, 7, 'jp.demo.atsushi.DemoSpec');
INSERT INTO SPEC(id, spec_group_id, fqcn) VALUES(14, 7, 'jp.demo.atsushi.TempSpec');
INSERT INTO SPEC(id, spec_group_id, fqcn) VALUES(15, 7, 'jp.demo.atsushi.HugaSpec');
INSERT INTO SPEC(id, spec_group_id, fqcn) VALUES(16, 7, 'jp.demo.atsushi.SuperSpec');
INSERT INTO SPEC(id, spec_group_id, fqcn) VALUES(17, 8, 'jp.demo.atsushi.FogeSpec');

INSERT INTO SPEC_OPTION(id, spec_id, value) VALUES(1, 1, '1');
INSERT INTO SPEC_OPTION(id, spec_id, value) VALUES(2, 1, '2');
INSERT INTO SPEC_OPTION(id, spec_id, value) VALUES(3, 2, '1');
INSERT INTO SPEC_OPTION(id, spec_id, value) VALUES(4, 2, '2');
INSERT INTO SPEC_OPTION(id, spec_id, value) VALUES(5, 3, '1');
INSERT INTO SPEC_OPTION(id, spec_id, value) VALUES(6, 3, '2');
INSERT INTO SPEC_OPTION(id, spec_id, value) VALUES(7, 4, '4');
INSERT INTO SPEC_OPTION(id, spec_id, value) VALUES(8, 5, '1');
INSERT INTO SPEC_OPTION(id, spec_id, value) VALUES(9, 5, '2');
INSERT INTO SPEC_OPTION(id, spec_id, value) VALUES(10, 6, '10');
INSERT INTO SPEC_OPTION(id, spec_id, value) VALUES(11, 6, '20');
INSERT INTO SPEC_OPTION(id, spec_id, value) VALUES(12, 6, '30');
INSERT INTO SPEC_OPTION(id, spec_id, value) VALUES(13, 6, '40');
INSERT INTO SPEC_OPTION(id, spec_id, value) VALUES(14, 6, '50');
INSERT INTO SPEC_OPTION(id, spec_id, value) VALUES(15, 7, '1');
INSERT INTO SPEC_OPTION(id, spec_id, value) VALUES(16, 7, '2');
INSERT INTO SPEC_OPTION(id, spec_id, value) VALUES(17, 8, '1');
INSERT INTO SPEC_OPTION(id, spec_id, value) VALUES(18, 8, '2');
INSERT INTO SPEC_OPTION(id, spec_id, value) VALUES(19, 9, '1');
INSERT INTO SPEC_OPTION(id, spec_id, value) VALUES(20, 9, '2');
INSERT INTO SPEC_OPTION(id, spec_id, value) VALUES(21, 10, '4');
INSERT INTO SPEC_OPTION(id, spec_id, value) VALUES(22, 11, '1');
INSERT INTO SPEC_OPTION(id, spec_id, value) VALUES(23, 11, '2');
INSERT INTO SPEC_OPTION(id, spec_id, value) VALUES(24, 12, '1');
INSERT INTO SPEC_OPTION(id, spec_id, value) VALUES(25, 12, '2');
INSERT INTO SPEC_OPTION(id, spec_id, value) VALUES(26, 13, '10');
INSERT INTO SPEC_OPTION(id, spec_id, value) VALUES(27, 13, '20');
INSERT INTO SPEC_OPTION(id, spec_id, value) VALUES(28, 13, '30');
INSERT INTO SPEC_OPTION(id, spec_id, value) VALUES(29, 13, '40');
INSERT INTO SPEC_OPTION(id, spec_id, value) VALUES(30, 13, '50');
INSERT INTO SPEC_OPTION(id, spec_id, value) VALUES(31, 14, '1');
INSERT INTO SPEC_OPTION(id, spec_id, value) VALUES(32, 14, '2');
INSERT INTO SPEC_OPTION(id, spec_id, value) VALUES(33, 15, '1');
INSERT INTO SPEC_OPTION(id, spec_id, value) VALUES(34, 15, '2');
INSERT INTO SPEC_OPTION(id, spec_id, value) VALUES(35, 16, '1');
INSERT INTO SPEC_OPTION(id, spec_id, value) VALUES(36, 16, '2');
INSERT INTO SPEC_OPTION(id, spec_id, value) VALUES(37, 17, '4');